What is this interval?<br><br><img src="a-af--_M7.svg">;M7
What is this interval?<br><br><img src="a--bf--_m2.svg">;m2
What is this interval?<br><br><img src="a-bf-_m2.svg">;m2
What is this interval?<br><br><img src="a--df---_M3.svg">;M3
What is this interval?<br><br><img src="a-df--_M3.svg">;M3
What is this interval?<br><br><img src="a--ef---_T.svg">;T
What is this interval?<br><br><img src="a-ef--_T.svg">;T
What is this interval?<br><br><img src="af-af--_PO.svg">;PO
What is this interval?<br><br><img src="af--af--_PU.svg">;PU
What is this interval?<br><br><img src="af-af-_PU.svg">;PU
What is this interval?<br><br><img src="af--a--_m2.svg">;m2
What is this interval?<br><br><img src="af-a-_m2.svg">;m2
What is this interval?<br><br><img src="af--bf--_M2.svg">;M2
What is this interval?<br><br><img src="af-bf-_M2.svg">;M2
What is this interval?<br><br><img src="af--b--_m3.svg">;m3
What is this interval?<br><br><img src="af-b-_m3.svg">;m3
What is this interval?<br><br><img src="af--c---_M3.svg">;M3
What is this interval?<br><br><img src="af-c--_M3.svg">;M3
What is this interval?<br><br><img src="af--df---_P4.svg">;P4
What is this interval?<br><br><img src="af-df--_P4.svg">;P4
What is this interval?<br><br><img src="af--d---_T.svg">;T
What is this interval?<br><br><img src="af-d--_T.svg">;T
What is this interval?<br><br><img src="af--ef---_P5.svg">;P5
What is this interval?<br><br><img src="af-ef--_P5.svg">;P5
What is this interval?<br><br><img src="af--e---_m6.svg">;m6
What is this interval?<br><br><img src="af-e--_m6.svg">;m6
What is this interval?<br><br><img src="af--f---_M6.svg">;M6
What is this interval?<br><br><img src="af-f--_M6.svg">;M6
What is this interval?<br><br><img src="af--gf---_m7.svg">;m7
What is this interval?<br><br><img src="af-gf--_m7.svg">;m7
What is this interval?<br><br><img src="af-g--_M7.svg">;M7
What is this interval?<br><br><img src="a--gf---_M6.svg">;M6
What is this interval?<br><br><img src="a-gf--_M6.svg">;M6
What is this interval?<br><br><img src="b-af--_M6.svg">;M6
What is this interval?<br><br><img src="baf-_M6.svg">;M6
What is this interval?<br><br><img src="b-bf--_M7.svg">;M7
What is this interval?<br><br><img src="bbf-_M7.svg">;M7
What is this interval?<br><br><img src="b--df---_M2.svg">;M2
What is this interval?<br><br><img src="b-df--_M2.svg">;M2
What is this interval?<br><br><img src="bdf-_M2.svg">;M2
What is this interval?<br><br><img src="b--ef---_M3.svg">;M3
What is this interval?<br><br><img src="b-ef--_M3.svg">;M3
What is this interval?<br><br><img src="bef-_M3.svg">;M3
What is this interval?<br><br><img src="bf-af--_m7.svg">;m7
What is this interval?<br><br><img src="bfaf-_m7.svg">;m7
What is this interval?<br><br><img src="bf-a--_M7.svg">;M7
What is this interval?<br><br><img src="bfa-_M7.svg">;M7
What is this interval?<br><br><img src="bf-bf--_PO.svg">;PO
What is this interval?<br><br><img src="bfbf-_PO.svg">;PO
What is this interval?<br><br><img src="bf--bf--_PU.svg">;PU
What is this interval?<br><br><img src="bf-bf-_PU.svg">;PU
What is this interval?<br><br><img src="bfbf_PU.svg">;PU
What is this interval?<br><br><img src="bf--b--_m2.svg">;m2
What is this interval?<br><br><img src="bf-b-_m2.svg">;m2
What is this interval?<br><br><img src="bfb_m2.svg">;m2
What is this interval?<br><br><img src="bf--c---_M2.svg">;M2
What is this interval?<br><br><img src="bf-c--_M2.svg">;M2
What is this interval?<br><br><img src="bfc-_M2.svg">;M2
What is this interval?<br><br><img src="bf--df---_m3.svg">;m3
What is this interval?<br><br><img src="bf-df--_m3.svg">;m3
What is this interval?<br><br><img src="bfdf-_m3.svg">;m3
What is this interval?<br><br><img src="bf--d---_M3.svg">;M3
What is this interval?<br><br><img src="bf-d--_M3.svg">;M3
What is this interval?<br><br><img src="bfd-_M3.svg">;M3
What is this interval?<br><br><img src="bf--ef---_P4.svg">;P4
What is this interval?<br><br><img src="bf-ef--_P4.svg">;P4
What is this interval?<br><br><img src="bfef-_P4.svg">;P4
What is this interval?<br><br><img src="bf--e---_T.svg">;T
What is this interval?<br><br><img src="bf-e--_T.svg">;T
What is this interval?<br><br><img src="bfe-_T.svg">;T
What is this interval?<br><br><img src="bf--f---_P5.svg">;P5
What is this interval?<br><br><img src="bf-f--_P5.svg">;P5
What is this interval?<br><br><img src="bff-_P5.svg">;P5
What is this interval?<br><br><img src="bf--gf---_m6.svg">;m6
What is this interval?<br><br><img src="bf-gf--_m6.svg">;m6
What is this interval?<br><br><img src="bfgf-_m6.svg">;m6
What is this interval?<br><br><img src="bf-g--_M6.svg">;M6
What is this interval?<br><br><img src="bfg-_M6.svg">;M6
What is this interval?<br><br><img src="b--gf---_P5.svg">;P5
What is this interval?<br><br><img src="b-gf--_P5.svg">;P5
What is this interval?<br><br><img src="bgf-_P5.svg">;P5
What is this interval?<br><br><img src="c--af--_m6.svg">;m6
What is this interval?<br><br><img src="c-af-_m6.svg">;m6
What is this interval?<br><br><img src="c--bf--_m7.svg">;m7
What is this interval?<br><br><img src="c-bf-_m7.svg">;m7
What is this interval?<br><br><img src="c---df---_m2.svg">;m2
What is this interval?<br><br><img src="c--df--_m2.svg">;m2
What is this interval?<br><br><img src="c-df-_m2.svg">;m2
What is this interval?<br><br><img src="c---ef---_m3.svg">;m3
What is this interval?<br><br><img src="c--ef--_m3.svg">;m3
What is this interval?<br><br><img src="c-ef-_m3.svg">;m3
What is this interval?<br><br><img src="c---gf---_T.svg">;T
What is this interval?<br><br><img src="c--gf--_T.svg">;T
What is this interval?<br><br><img src="c-gf-_T.svg">;T
What is this interval?<br><br><img src="d--af--_T.svg">;T
What is this interval?<br><br><img src="d-af-_T.svg">;T
What is this interval?<br><br><img src="d--bf--_m6.svg">;m6
What is this interval?<br><br><img src="d-bf-_m6.svg">;m6
What is this interval?<br><br><img src="d--df---_M7.svg">;M7
What is this interval?<br><br><img src="d-df--_M7.svg">;M7
What is this interval?<br><br><img src="d---ef---_m2.svg">;m2
What is this interval?<br><br><img src="d--ef--_m2.svg">;m2
What is this interval?<br><br><img src="d-ef-_m2.svg">;m2
What is this interval?<br><br><img src="df--af--_P5.svg">;P5
What is this interval?<br><br><img src="df-af-_P5.svg">;P5
What is this interval?<br><br><img src="df--a--_m6.svg">;m6
What is this interval?<br><br><img src="df-a-_m6.svg">;m6
What is this interval?<br><br><img src="df--bf--_M6.svg">;M6
What is this interval?<br><br><img src="df-bf-_M6.svg">;M6
What is this interval?<br><br><img src="df--b--_m7.svg">;m7
What is this interval?<br><br><img src="df-b-_m7.svg">;m7
What is this interval?<br><br><img src="df--c---_M7.svg">;M7
What is this interval?<br><br><img src="df-c--_M7.svg">;M7
What is this interval?<br><br><img src="df--df---_PO.svg">;PO
What is this interval?<br><br><img src="df-df--_PO.svg">;PO
What is this interval?<br><br><img src="df---df---_PU.svg">;PU
What is this interval?<br><br><img src="df--df--_PU.svg">;PU
What is this interval?<br><br><img src="df-df-_PU.svg">;PU
What is this interval?<br><br><img src="df---d---_m2.svg">;m2
What is this interval?<br><br><img src="df--d--_m2.svg">;m2
What is this interval?<br><br><img src="df-d-_m2.svg">;m2
What is this interval?<br><br><img src="df---ef---_M2.svg">;M2
What is this interval?<br><br><img src="df--ef--_M2.svg">;M2
What is this interval?<br><br><img src="df-ef-_M2.svg">;M2
What is this interval?<br><br><img src="df---e---_m3.svg">;m3
What is this interval?<br><br><img src="df--e--_m3.svg">;m3
What is this interval?<br><br><img src="df-e-_m3.svg">;m3
What is this interval?<br><br><img src="df---f---_M3.svg">;M3
What is this interval?<br><br><img src="df--f--_M3.svg">;M3
What is this interval?<br><br><img src="df-f-_M3.svg">;M3
What is this interval?<br><br><img src="df---gf---_P4.svg">;P4
What is this interval?<br><br><img src="df--gf--_P4.svg">;P4
What is this interval?<br><br><img src="df-gf-_P4.svg">;P4
What is this interval?<br><br><img src="df--g--_T.svg">;T
What is this interval?<br><br><img src="df-g-_T.svg">;T
What is this interval?<br><br><img src="d---gf---_M3.svg">;M3
What is this interval?<br><br><img src="d--gf--_M3.svg">;M3
What is this interval?<br><br><img src="d-gf-_M3.svg">;M3
What is this interval?<br><br><img src="e--af--_M3.svg">;M3
What is this interval?<br><br><img src="e-af-_M3.svg">;M3
What is this interval?<br><br><img src="e--bf--_T.svg">;T
What is this interval?<br><br><img src="e-bf-_T.svg">;T
What is this interval?<br><br><img src="e--df---_M6.svg">;M6
What is this interval?<br><br><img src="e-df--_M6.svg">;M6
What is this interval?<br><br><img src="e--ef---_M7.svg">;M7
What is this interval?<br><br><img src="e-ef--_M7.svg">;M7
What is this interval?<br><br><img src="ef--af--_P4.svg">;P4
What is this interval?<br><br><img src="ef-af-_P4.svg">;P4
What is this interval?<br><br><img src="ef--a--_T.svg">;T
What is this interval?<br><br><img src="ef-a-_T.svg">;T
What is this interval?<br><br><img src="ef--bf--_P5.svg">;P5
What is this interval?<br><br><img src="ef-bf-_P5.svg">;P5
What is this interval?<br><br><img src="ef--b--_m6.svg">;m6
What is this interval?<br><br><img src="ef-b-_m6.svg">;m6
What is this interval?<br><br><img src="ef--c---_M6.svg">;M6
What is this interval?<br><br><img src="ef-c--_M6.svg">;M6
What is this interval?<br><br><img src="ef--df---_m7.svg">;m7
What is this interval?<br><br><img src="ef-df--_m7.svg">;m7
What is this interval?<br><br><img src="ef--d---_M7.svg">;M7
What is this interval?<br><br><img src="ef-d--_M7.svg">;M7
What is this interval?<br><br><img src="ef--ef---_PO.svg">;PO
What is this interval?<br><br><img src="ef-ef--_PO.svg">;PO
What is this interval?<br><br><img src="ef---ef---_PU.svg">;PU
What is this interval?<br><br><img src="ef--ef--_PU.svg">;PU
What is this interval?<br><br><img src="ef-ef-_PU.svg">;PU
What is this interval?<br><br><img src="ef---e---_m2.svg">;m2
What is this interval?<br><br><img src="ef--e--_m2.svg">;m2
What is this interval?<br><br><img src="ef-e-_m2.svg">;m2
What is this interval?<br><br><img src="ef---f---_M2.svg">;M2
What is this interval?<br><br><img src="ef--f--_M2.svg">;M2
What is this interval?<br><br><img src="ef-f-_M2.svg">;M2
What is this interval?<br><br><img src="ef---gf---_m3.svg">;m3
What is this interval?<br><br><img src="ef--gf--_m3.svg">;m3
What is this interval?<br><br><img src="ef-gf-_m3.svg">;m3
What is this interval?<br><br><img src="ef--g--_M3.svg">;M3
What is this interval?<br><br><img src="ef-g-_M3.svg">;M3
What is this interval?<br><br><img src="e---gf---_M2.svg">;M2
What is this interval?<br><br><img src="e--gf--_M2.svg">;M2
What is this interval?<br><br><img src="e-gf-_M2.svg">;M2
What is this interval?<br><br><img src="f--af--_m3.svg">;m3
What is this interval?<br><br><img src="f-af-_m3.svg">;m3
What is this interval?<br><br><img src="f--bf--_P4.svg">;P4
What is this interval?<br><br><img src="f-bf-_P4.svg">;P4
What is this interval?<br><br><img src="f--df---_m6.svg">;m6
What is this interval?<br><br><img src="f-df--_m6.svg">;m6
What is this interval?<br><br><img src="f--ef---_m7.svg">;m7
What is this interval?<br><br><img src="f-ef--_m7.svg">;m7
What is this interval?<br><br><img src="f---gf---_m2.svg">;m2
What is this interval?<br><br><img src="f--gf--_m2.svg">;m2
What is this interval?<br><br><img src="f-gf-_m2.svg">;m2
What is this interval?<br><br><img src="g--af--_m2.svg">;m2
What is this interval?<br><br><img src="g-af-_m2.svg">;m2
What is this interval?<br><br><img src="g--bf--_m3.svg">;m3
What is this interval?<br><br><img src="g-bf-_m3.svg">;m3
What is this interval?<br><br><img src="g--df---_T.svg">;T
What is this interval?<br><br><img src="g-df--_T.svg">;T
What is this interval?<br><br><img src="g--ef---_m6.svg">;m6
What is this interval?<br><br><img src="g-ef--_m6.svg">;m6
What is this interval?<br><br><img src="gf--af--_M2.svg">;M2
What is this interval?<br><br><img src="gf-af-_M2.svg">;M2
What is this interval?<br><br><img src="gf--a--_m3.svg">;m3
What is this interval?<br><br><img src="gf-a-_m3.svg">;m3
What is this interval?<br><br><img src="gf--bf--_M3.svg">;M3
What is this interval?<br><br><img src="gf-bf-_M3.svg">;M3
What is this interval?<br><br><img src="gf--b--_P4.svg">;P4
What is this interval?<br><br><img src="gf-b-_P4.svg">;P4
What is this interval?<br><br><img src="gf--c---_T.svg">;T
What is this interval?<br><br><img src="gf-c--_T.svg">;T
What is this interval?<br><br><img src="gf--df---_P5.svg">;P5
What is this interval?<br><br><img src="gf-df--_P5.svg">;P5
What is this interval?<br><br><img src="gf--d---_m6.svg">;m6
What is this interval?<br><br><img src="gf-d--_m6.svg">;m6
What is this interval?<br><br><img src="gf--ef---_M6.svg">;M6
What is this interval?<br><br><img src="gf-ef--_M6.svg">;M6
What is this interval?<br><br><img src="gf--e---_m7.svg">;m7
What is this interval?<br><br><img src="gf-e--_m7.svg">;m7
What is this interval?<br><br><img src="gf--f---_M7.svg">;M7
What is this interval?<br><br><img src="gf-f--_M7.svg">;M7
What is this interval?<br><br><img src="gf--gf---_PO.svg">;PO
What is this interval?<br><br><img src="gf-gf--_PO.svg">;PO
What is this interval?<br><br><img src="gf---gf---_PU.svg">;PU
What is this interval?<br><br><img src="gf--gf--_PU.svg">;PU
What is this interval?<br><br><img src="gf-gf-_PU.svg">;PU
What is this interval?<br><br><img src="gf--g--_m2.svg">;m2
What is this interval?<br><br><img src="gf-g-_m2.svg">;m2
What is this interval?<br><br><img src="g--gf---_M7.svg">;M7
What is this interval?<br><br><img src="g-gf--_M7.svg">;M7
