What is this interval?<br><br><img src="a-a--_PO.svg">;PO
What is this interval?<br><br><img src="a--a--_PU.svg">;PU
What is this interval?<br><br><img src="a-a-_PU.svg">;PU
What is this interval?<br><br><img src="a--as--_m2.svg">;m2
What is this interval?<br><br><img src="a-as-_m2.svg">;m2
What is this interval?<br><br><img src="a--b--_M2.svg">;M2
What is this interval?<br><br><img src="a-b-_M2.svg">;M2
What is this interval?<br><br><img src="a--c---_m3.svg">;m3
What is this interval?<br><br><img src="a-c--_m3.svg">;m3
What is this interval?<br><br><img src="a--cs---_M3.svg">;M3
What is this interval?<br><br><img src="a-cs--_M3.svg">;M3
What is this interval?<br><br><img src="a--d---_P4.svg">;P4
What is this interval?<br><br><img src="a-d--_P4.svg">;P4
What is this interval?<br><br><img src="a--ds---_T.svg">;T
What is this interval?<br><br><img src="a-ds--_T.svg">;T
What is this interval?<br><br><img src="a--e---_P5.svg">;P5
What is this interval?<br><br><img src="a-e--_P5.svg">;P5
What is this interval?<br><br><img src="a--f---_m6.svg">;m6
What is this interval?<br><br><img src="a-f--_m6.svg">;m6
What is this interval?<br><br><img src="a--fs---_M6.svg">;M6
What is this interval?<br><br><img src="a-fs--_M6.svg">;M6
What is this interval?<br><br><img src="a-g--_m7.svg">;m7
What is this interval?<br><br><img src="a-gs--_M7.svg">;M7
What is this interval?<br><br><img src="as-a--_M7.svg">;M7
What is this interval?<br><br><img src="asa-_M7.svg">;M7
What is this interval?<br><br><img src="as-as--_PO.svg">;PO
What is this interval?<br><br><img src="asas-_PO.svg">;PO
What is this interval?<br><br><img src="as--as--_PU.svg">;PU
What is this interval?<br><br><img src="as-as-_PU.svg">;PU
What is this interval?<br><br><img src="asas_PU.svg">;PU
What is this interval?<br><br><img src="as--b--_m2.svg">;m2
What is this interval?<br><br><img src="as-b-_m2.svg">;m2
What is this interval?<br><br><img src="asb_m2.svg">;m2
What is this interval?<br><br><img src="as--c---_M2.svg">;M2
What is this interval?<br><br><img src="as-c--_M2.svg">;M2
What is this interval?<br><br><img src="asc-_M2.svg">;M2
What is this interval?<br><br><img src="as--cs---_m3.svg">;m3
What is this interval?<br><br><img src="as-cs--_m3.svg">;m3
What is this interval?<br><br><img src="ascs-_m3.svg">;m3
What is this interval?<br><br><img src="as--d---_M3.svg">;M3
What is this interval?<br><br><img src="as-d--_M3.svg">;M3
What is this interval?<br><br><img src="asd-_M3.svg">;M3
What is this interval?<br><br><img src="as--ds---_P4.svg">;P4
What is this interval?<br><br><img src="as-ds--_P4.svg">;P4
What is this interval?<br><br><img src="asds-_P4.svg">;P4
What is this interval?<br><br><img src="as--e---_T.svg">;T
What is this interval?<br><br><img src="as-e--_T.svg">;T
What is this interval?<br><br><img src="ase-_T.svg">;T
What is this interval?<br><br><img src="as--f---_P5.svg">;P5
What is this interval?<br><br><img src="as-f--_P5.svg">;P5
What is this interval?<br><br><img src="asf-_P5.svg">;P5
What is this interval?<br><br><img src="as--fs---_m6.svg">;m6
What is this interval?<br><br><img src="as-fs--_m6.svg">;m6
What is this interval?<br><br><img src="asfs-_m6.svg">;m6
What is this interval?<br><br><img src="as-g--_M6.svg">;M6
What is this interval?<br><br><img src="asg-_M6.svg">;M6
What is this interval?<br><br><img src="as-gs--_m7.svg">;m7
What is this interval?<br><br><img src="asgs-_m7.svg">;m7
What is this interval?<br><br><img src="b-a--_m7.svg">;m7
What is this interval?<br><br><img src="ba-_m7.svg">;m7
What is this interval?<br><br><img src="b-as--_M7.svg">;M7
What is this interval?<br><br><img src="bas-_M7.svg">;M7
What is this interval?<br><br><img src="b-b--_PO.svg">;PO
What is this interval?<br><br><img src="bb-_PO.svg">;PO
What is this interval?<br><br><img src="b--b--_PU.svg">;PU
What is this interval?<br><br><img src="b-b-_PU.svg">;PU
What is this interval?<br><br><img src="bb_PU.svg">;PU
What is this interval?<br><br><img src="b--c---_m2.svg">;m2
What is this interval?<br><br><img src="b-c--_m2.svg">;m2
What is this interval?<br><br><img src="bc-_m2.svg">;m2
What is this interval?<br><br><img src="b--cs---_M2.svg">;M2
What is this interval?<br><br><img src="b-cs--_M2.svg">;M2
What is this interval?<br><br><img src="bcs-_M2.svg">;M2
What is this interval?<br><br><img src="b--d---_m3.svg">;m3
What is this interval?<br><br><img src="b-d--_m3.svg">;m3
What is this interval?<br><br><img src="bd-_m3.svg">;m3
What is this interval?<br><br><img src="b--ds---_M3.svg">;M3
What is this interval?<br><br><img src="b-ds--_M3.svg">;M3
What is this interval?<br><br><img src="bds-_M3.svg">;M3
What is this interval?<br><br><img src="b--e---_P4.svg">;P4
What is this interval?<br><br><img src="b-e--_P4.svg">;P4
What is this interval?<br><br><img src="be-_P4.svg">;P4
What is this interval?<br><br><img src="b--fs---_P5.svg">;P5
What is this interval?<br><br><img src="b-fs--_P5.svg">;P5
What is this interval?<br><br><img src="bfs-_P5.svg">;P5
What is this interval?<br><br><img src="b--f---_T.svg">;T
What is this interval?<br><br><img src="b-f--_T.svg">;T
What is this interval?<br><br><img src="bf-_T.svg">;T
What is this interval?<br><br><img src="b-g--_m6.svg">;m6
What is this interval?<br><br><img src="bg-_m6.svg">;m6
What is this interval?<br><br><img src="b-gs--_M6.svg">;M6
What is this interval?<br><br><img src="bgs-_M6.svg">;M6
What is this interval?<br><br><img src="c--a--_M6.svg">;M6
What is this interval?<br><br><img src="c-a-_M6.svg">;M6
What is this interval?<br><br><img src="c--as--_m7.svg">;m7
What is this interval?<br><br><img src="c-as-_m7.svg">;m7
What is this interval?<br><br><img src="c--b--_M7.svg">;M7
What is this interval?<br><br><img src="c-b-_M7.svg">;M7
What is this interval?<br><br><img src="c--c---_PO.svg">;PO
What is this interval?<br><br><img src="c-c--_PO.svg">;PO
What is this interval?<br><br><img src="c---c---_PU.svg">;PU
What is this interval?<br><br><img src="c--c--_PU.svg">;PU
What is this interval?<br><br><img src="c-c-_PU.svg">;PU
What is this interval?<br><br><img src="c---cs---_m2.svg">;m2
What is this interval?<br><br><img src="c--cs--_m2.svg">;m2
What is this interval?<br><br><img src="c-cs-_m2.svg">;m2
What is this interval?<br><br><img src="c---d---_M2.svg">;M2
What is this interval?<br><br><img src="c--d--_M2.svg">;M2
What is this interval?<br><br><img src="c-d-_M2.svg">;M2
What is this interval?<br><br><img src="c---ds---_m3.svg">;m3
What is this interval?<br><br><img src="c--ds--_m3.svg">;m3
What is this interval?<br><br><img src="c-ds-_m3.svg">;m3
What is this interval?<br><br><img src="c---e---_M3.svg">;M3
What is this interval?<br><br><img src="c--e--_M3.svg">;M3
What is this interval?<br><br><img src="c-e-_M3.svg">;M3
What is this interval?<br><br><img src="c---f---_P4.svg">;P4
What is this interval?<br><br><img src="c--f--_P4.svg">;P4
What is this interval?<br><br><img src="c-f-_P4.svg">;P4
What is this interval?<br><br><img src="c---fs---_T.svg">;T
What is this interval?<br><br><img src="c--fs--_T.svg">;T
What is this interval?<br><br><img src="c-fs-_T.svg">;T
What is this interval?<br><br><img src="c--g--_P5.svg">;P5
What is this interval?<br><br><img src="c-g-_P5.svg">;P5
What is this interval?<br><br><img src="c--gs--_m6.svg">;m6
What is this interval?<br><br><img src="c-gs-_m6.svg">;m6
What is this interval?<br><br><img src="cs--a--_m6.svg">;m6
What is this interval?<br><br><img src="cs-a-_m6.svg">;m6
What is this interval?<br><br><img src="cs--as--_M6.svg">;M6
What is this interval?<br><br><img src="cs-as-_M6.svg">;M6
What is this interval?<br><br><img src="cs--b--_m7.svg">;m7
What is this interval?<br><br><img src="cs-b-_m7.svg">;m7
What is this interval?<br><br><img src="cs--c---_M7.svg">;M7
What is this interval?<br><br><img src="cs-c--_M7.svg">;M7
What is this interval?<br><br><img src="cs--cs---_PO.svg">;PO
What is this interval?<br><br><img src="cs-cs--_PO.svg">;PO
What is this interval?<br><br><img src="cs---cs---_PU.svg">;PU
What is this interval?<br><br><img src="cs--cs--_PU.svg">;PU
What is this interval?<br><br><img src="cs-cs-_PU.svg">;PU
What is this interval?<br><br><img src="cs---d---_m2.svg">;m2
What is this interval?<br><br><img src="cs--d--_m2.svg">;m2
What is this interval?<br><br><img src="cs-d-_m2.svg">;m2
What is this interval?<br><br><img src="cs---ds---_M2.svg">;M2
What is this interval?<br><br><img src="cs--ds--_M2.svg">;M2
What is this interval?<br><br><img src="cs-ds-_M2.svg">;M2
What is this interval?<br><br><img src="cs---e---_m3.svg">;m3
What is this interval?<br><br><img src="cs--e--_m3.svg">;m3
What is this interval?<br><br><img src="cs-e-_m3.svg">;m3
What is this interval?<br><br><img src="cs---f---_M3.svg">;M3
What is this interval?<br><br><img src="cs--f--_M3.svg">;M3
What is this interval?<br><br><img src="cs-f-_M3.svg">;M3
What is this interval?<br><br><img src="cs---fs---_P4.svg">;P4
What is this interval?<br><br><img src="cs--fs--_P4.svg">;P4
What is this interval?<br><br><img src="cs-fs-_P4.svg">;P4
What is this interval?<br><br><img src="cs--gs--_P5.svg">;P5
What is this interval?<br><br><img src="cs-gs-_P5.svg">;P5
What is this interval?<br><br><img src="cs--g--_T.svg">;T
What is this interval?<br><br><img src="cs-g-_T.svg">;T
What is this interval?<br><br><img src="d--a--_P5.svg">;P5
What is this interval?<br><br><img src="d-a-_P5.svg">;P5
What is this interval?<br><br><img src="d--as--_m6.svg">;m6
What is this interval?<br><br><img src="d-as-_m6.svg">;m6
What is this interval?<br><br><img src="d--b--_M6.svg">;M6
What is this interval?<br><br><img src="d-b-_M6.svg">;M6
What is this interval?<br><br><img src="d--c---_m7.svg">;m7
What is this interval?<br><br><img src="d-c--_m7.svg">;m7
What is this interval?<br><br><img src="d--cs---_M7.svg">;M7
What is this interval?<br><br><img src="d-cs--_M7.svg">;M7
What is this interval?<br><br><img src="d--d---_PO.svg">;PO
What is this interval?<br><br><img src="d-d--_PO.svg">;PO
What is this interval?<br><br><img src="d---d---_PU.svg">;PU
What is this interval?<br><br><img src="d--d--_PU.svg">;PU
What is this interval?<br><br><img src="d-d-_PU.svg">;PU
What is this interval?<br><br><img src="d---ds---_m2.svg">;m2
What is this interval?<br><br><img src="d--ds--_m2.svg">;m2
What is this interval?<br><br><img src="d-ds-_m2.svg">;m2
What is this interval?<br><br><img src="d---e---_M2.svg">;M2
What is this interval?<br><br><img src="d--e--_M2.svg">;M2
What is this interval?<br><br><img src="d-e-_M2.svg">;M2
What is this interval?<br><br><img src="d---f---_m3.svg">;m3
What is this interval?<br><br><img src="d--f--_m3.svg">;m3
What is this interval?<br><br><img src="d-f-_m3.svg">;m3
What is this interval?<br><br><img src="d---fs---_M3.svg">;M3
What is this interval?<br><br><img src="d--fs--_M3.svg">;M3
What is this interval?<br><br><img src="d-fs-_M3.svg">;M3
What is this interval?<br><br><img src="d--g--_P4.svg">;P4
What is this interval?<br><br><img src="d-g-_P4.svg">;P4
What is this interval?<br><br><img src="d--gs--_T.svg">;T
What is this interval?<br><br><img src="d-gs-_T.svg">;T
What is this interval?<br><br><img src="ds--as--_P5.svg">;P5
What is this interval?<br><br><img src="ds-as-_P5.svg">;P5
What is this interval?<br><br><img src="ds--a--_T.svg">;T
What is this interval?<br><br><img src="ds-a-_T.svg">;T
What is this interval?<br><br><img src="ds--b--_m6.svg">;m6
What is this interval?<br><br><img src="ds-b-_m6.svg">;m6
What is this interval?<br><br><img src="ds--c---_M6.svg">;M6
What is this interval?<br><br><img src="ds-c--_M6.svg">;M6
What is this interval?<br><br><img src="ds--cs---_m7.svg">;m7
What is this interval?<br><br><img src="ds-cs--_m7.svg">;m7
What is this interval?<br><br><img src="ds--d---_M7.svg">;M7
What is this interval?<br><br><img src="ds-d--_M7.svg">;M7
What is this interval?<br><br><img src="ds--ds---_PO.svg">;PO
What is this interval?<br><br><img src="ds-ds--_PO.svg">;PO
What is this interval?<br><br><img src="ds---ds---_PU.svg">;PU
What is this interval?<br><br><img src="ds--ds--_PU.svg">;PU
What is this interval?<br><br><img src="ds-ds-_PU.svg">;PU
What is this interval?<br><br><img src="ds---e---_m2.svg">;m2
What is this interval?<br><br><img src="ds--e--_m2.svg">;m2
What is this interval?<br><br><img src="ds-e-_m2.svg">;m2
What is this interval?<br><br><img src="ds---f---_M2.svg">;M2
What is this interval?<br><br><img src="ds--f--_M2.svg">;M2
What is this interval?<br><br><img src="ds-f-_M2.svg">;M2
What is this interval?<br><br><img src="ds---fs---_m3.svg">;m3
What is this interval?<br><br><img src="ds--fs--_m3.svg">;m3
What is this interval?<br><br><img src="ds-fs-_m3.svg">;m3
What is this interval?<br><br><img src="ds--g--_M3.svg">;M3
What is this interval?<br><br><img src="ds-g-_M3.svg">;M3
What is this interval?<br><br><img src="ds--gs--_P4.svg">;P4
What is this interval?<br><br><img src="ds-gs-_P4.svg">;P4
What is this interval?<br><br><img src="e--a--_P4.svg">;P4
What is this interval?<br><br><img src="e-a-_P4.svg">;P4
What is this interval?<br><br><img src="e--as--_T.svg">;T
What is this interval?<br><br><img src="e-as-_T.svg">;T
What is this interval?<br><br><img src="e--b--_P5.svg">;P5
What is this interval?<br><br><img src="e-b-_P5.svg">;P5
What is this interval?<br><br><img src="e--c---_m6.svg">;m6
What is this interval?<br><br><img src="e-c--_m6.svg">;m6
What is this interval?<br><br><img src="e--cs---_M6.svg">;M6
What is this interval?<br><br><img src="e-cs--_M6.svg">;M6
What is this interval?<br><br><img src="e--d---_m7.svg">;m7
What is this interval?<br><br><img src="e-d--_m7.svg">;m7
What is this interval?<br><br><img src="e--ds---_M7.svg">;M7
What is this interval?<br><br><img src="e-ds--_M7.svg">;M7
What is this interval?<br><br><img src="e--e---_PO.svg">;PO
What is this interval?<br><br><img src="e-e--_PO.svg">;PO
What is this interval?<br><br><img src="e---e---_PU.svg">;PU
What is this interval?<br><br><img src="e--e--_PU.svg">;PU
What is this interval?<br><br><img src="e-e-_PU.svg">;PU
What is this interval?<br><br><img src="e---f---_m2.svg">;m2
What is this interval?<br><br><img src="e--f--_m2.svg">;m2
What is this interval?<br><br><img src="e-f-_m2.svg">;m2
What is this interval?<br><br><img src="e---fs---_M2.svg">;M2
What is this interval?<br><br><img src="e--fs--_M2.svg">;M2
What is this interval?<br><br><img src="e-fs-_M2.svg">;M2
What is this interval?<br><br><img src="e--g--_m3.svg">;m3
What is this interval?<br><br><img src="e-g-_m3.svg">;m3
What is this interval?<br><br><img src="e--gs--_M3.svg">;M3
What is this interval?<br><br><img src="e-gs-_M3.svg">;M3
What is this interval?<br><br><img src="f--a--_M3.svg">;M3
What is this interval?<br><br><img src="f-a-_M3.svg">;M3
What is this interval?<br><br><img src="f--as--_P4.svg">;P4
What is this interval?<br><br><img src="f-as-_P4.svg">;P4
What is this interval?<br><br><img src="f--b--_T.svg">;T
What is this interval?<br><br><img src="f-b-_T.svg">;T
What is this interval?<br><br><img src="f--c---_P5.svg">;P5
What is this interval?<br><br><img src="f-c--_P5.svg">;P5
What is this interval?<br><br><img src="f--cs---_m6.svg">;m6
What is this interval?<br><br><img src="f-cs--_m6.svg">;m6
What is this interval?<br><br><img src="f--d---_M6.svg">;M6
What is this interval?<br><br><img src="f-d--_M6.svg">;M6
What is this interval?<br><br><img src="f--ds---_m7.svg">;m7
What is this interval?<br><br><img src="f-ds--_m7.svg">;m7
What is this interval?<br><br><img src="f--e---_M7.svg">;M7
What is this interval?<br><br><img src="f-e--_M7.svg">;M7
What is this interval?<br><br><img src="f--f---_PO.svg">;PO
What is this interval?<br><br><img src="f-f--_PO.svg">;PO
What is this interval?<br><br><img src="f---f---_PU.svg">;PU
What is this interval?<br><br><img src="f--f--_PU.svg">;PU
What is this interval?<br><br><img src="f-f-_PU.svg">;PU
What is this interval?<br><br><img src="f---fs---_m2.svg">;m2
What is this interval?<br><br><img src="f--fs--_m2.svg">;m2
What is this interval?<br><br><img src="f-fs-_m2.svg">;m2
What is this interval?<br><br><img src="f--g--_M2.svg">;M2
What is this interval?<br><br><img src="f-g-_M2.svg">;M2
What is this interval?<br><br><img src="f--gs--_m3.svg">;m3
What is this interval?<br><br><img src="f-gs-_m3.svg">;m3
What is this interval?<br><br><img src="fs--a--_m3.svg">;m3
What is this interval?<br><br><img src="fs-a-_m3.svg">;m3
What is this interval?<br><br><img src="fs--as--_M3.svg">;M3
What is this interval?<br><br><img src="fs-as-_M3.svg">;M3
What is this interval?<br><br><img src="fs--b--_P4.svg">;P4
What is this interval?<br><br><img src="fs-b-_P4.svg">;P4
What is this interval?<br><br><img src="fs--cs---_P5.svg">;P5
What is this interval?<br><br><img src="fs-cs--_P5.svg">;P5
What is this interval?<br><br><img src="fs--c---_T.svg">;T
What is this interval?<br><br><img src="fs-c--_T.svg">;T
What is this interval?<br><br><img src="fs--d---_m6.svg">;m6
What is this interval?<br><br><img src="fs-d--_m6.svg">;m6
What is this interval?<br><br><img src="fs--ds---_M6.svg">;M6
What is this interval?<br><br><img src="fs-ds--_M6.svg">;M6
What is this interval?<br><br><img src="fs--e---_m7.svg">;m7
What is this interval?<br><br><img src="fs-e--_m7.svg">;m7
What is this interval?<br><br><img src="fs--f---_M7.svg">;M7
What is this interval?<br><br><img src="fs-f--_M7.svg">;M7
What is this interval?<br><br><img src="fs--fs---_PO.svg">;PO
What is this interval?<br><br><img src="fs-fs--_PO.svg">;PO
What is this interval?<br><br><img src="fs---fs---_PU.svg">;PU
What is this interval?<br><br><img src="fs--fs--_PU.svg">;PU
What is this interval?<br><br><img src="fs-fs-_PU.svg">;PU
What is this interval?<br><br><img src="fs--g--_m2.svg">;m2
What is this interval?<br><br><img src="fs-g-_m2.svg">;m2
What is this interval?<br><br><img src="fs--gs--_M2.svg">;M2
What is this interval?<br><br><img src="fs-gs-_M2.svg">;M2
What is this interval?<br><br><img src="g--a--_M2.svg">;M2
What is this interval?<br><br><img src="g-a-_M2.svg">;M2
What is this interval?<br><br><img src="g--as--_m3.svg">;m3
What is this interval?<br><br><img src="g-as-_m3.svg">;m3
What is this interval?<br><br><img src="g--b--_M3.svg">;M3
What is this interval?<br><br><img src="g-b-_M3.svg">;M3
What is this interval?<br><br><img src="g--c---_P4.svg">;P4
What is this interval?<br><br><img src="g-c--_P4.svg">;P4
What is this interval?<br><br><img src="g--cs---_T.svg">;T
What is this interval?<br><br><img src="g-cs--_T.svg">;T
What is this interval?<br><br><img src="g--d---_P5.svg">;P5
What is this interval?<br><br><img src="g-d--_P5.svg">;P5
What is this interval?<br><br><img src="g--ds---_m6.svg">;m6
What is this interval?<br><br><img src="g-ds--_m6.svg">;m6
What is this interval?<br><br><img src="g--e---_M6.svg">;M6
What is this interval?<br><br><img src="g-e--_M6.svg">;M6
What is this interval?<br><br><img src="g--f---_m7.svg">;m7
What is this interval?<br><br><img src="g-f--_m7.svg">;m7
What is this interval?<br><br><img src="g--fs---_M7.svg">;M7
What is this interval?<br><br><img src="g-fs--_M7.svg">;M7
What is this interval?<br><br><img src="g-g--_PO.svg">;PO
What is this interval?<br><br><img src="g--g--_PU.svg">;PU
What is this interval?<br><br><img src="g-g-_PU.svg">;PU
What is this interval?<br><br><img src="g--gs--_m2.svg">;m2
What is this interval?<br><br><img src="g-gs-_m2.svg">;m2
What is this interval?<br><br><img src="gs--a--_m2.svg">;m2
What is this interval?<br><br><img src="gs-a-_m2.svg">;m2
What is this interval?<br><br><img src="gs--as--_M2.svg">;M2
What is this interval?<br><br><img src="gs-as-_M2.svg">;M2
What is this interval?<br><br><img src="gs--b--_m3.svg">;m3
What is this interval?<br><br><img src="gs-b-_m3.svg">;m3
What is this interval?<br><br><img src="gs--c---_M3.svg">;M3
What is this interval?<br><br><img src="gs-c--_M3.svg">;M3
What is this interval?<br><br><img src="gs--cs---_P4.svg">;P4
What is this interval?<br><br><img src="gs-cs--_P4.svg">;P4
What is this interval?<br><br><img src="gs--ds---_P5.svg">;P5
What is this interval?<br><br><img src="gs-ds--_P5.svg">;P5
What is this interval?<br><br><img src="gs--d---_T.svg">;T
What is this interval?<br><br><img src="gs-d--_T.svg">;T
What is this interval?<br><br><img src="gs--e---_m6.svg">;m6
What is this interval?<br><br><img src="gs-e--_m6.svg">;m6
What is this interval?<br><br><img src="gs--f---_M6.svg">;M6
What is this interval?<br><br><img src="gs-f--_M6.svg">;M6
What is this interval?<br><br><img src="gs--fs---_m7.svg">;m7
What is this interval?<br><br><img src="gs-fs--_m7.svg">;m7
What is this interval?<br><br><img src="gs-g--_M7.svg">;M7
What is this interval?<br><br><img src="gs-gs--_PO.svg">;PO
What is this interval?<br><br><img src="gs--gs--_PU.svg">;PU
What is this interval?<br><br><img src="gs-gs-_PU.svg">;PU
